molecule_name,pIC50
CHEMBL133897,5.873566836177163
CHEMBL336398,4.9385355033036324
CHEMBL131588,5.974355872087568
CHEMBL130628,6.42948080613338
CHEMBL130478,7.179778610687621
